PEGAS-KUKÁTKO;100
SCA;101
PORADCE;102
HUGO;103
FAC-APP;104
PŠP KLIENT DESKTOPOVÁ APLIKACE;107
BERTA;108
EREGRESY;109
EAGENTI;110
FIP-PARTNERS;111
SFTPBRIDGE;112
WEB GENERALI;113
NEDORUČENÁ POŠTA LN;114
MESSAGE_HOUSE;115
EPOHLEDAVKY;116
LISA;141
JOK/CLK;142
MICROSITEPOV;201
AWD;1000
NHUGO;1001
UNICREDIT LEASING;1003
INSIA;1004
MODUL SERVIS;1005
TOTAL BROKERS;1006
PFP;1007
FIXUM;1008
DATALIFE;1009
OK_GROUP;1010
SALVE FINANCE;1011
RENOMIA;1012
INWEB;1013
SMS FINANČNÍ PORADENSTVÍ;1014
FSS + PARTNERS_;1015
VOLKSWAGEN_FINANCIAL_SERVICES_;1016
AXIMA_SPOL.S.R.O;1017
ČESKÝ_OBCHODNÍ_SERVIS;1018
FEDS;1019
OVB;1020
FINCENTRUM;1021
ALLRISK;1022
EFINANCE;1023
INPOL;1024
SROVNÁVAČ;1025
IBM_MB;0
CZGUSRMNG;1
CZGUCINFO;2
CZGPOLINFO;3
CZGPOLICING;4
CZGMESSAGING;5
CZGCALCBM;6
CZGDELIVERY;7
CZGPRINTS;8
CZGDA;9
CZGCLAIMS;12
CZGCODELIST;13
CZGCARPRICING;14
CZGPRODCATALOG;15
CZGAGENTINFO;16
CZGEARNIX;17
CZGSEARCH;18
CZGCOMM;19
CZGLEADMNG;20
CZGBLACKLISTING;21
CZGCONTRACTIMPORTPMV;22
CZGPROCESSSUPPORT;23
CZCTIA;24
MONITORING;99
Message House;134
SVCOVB;10
CZGCONTRACTUPDATE;555
SVCPMS;1026
CPOJPWB;1055
TPUCCINI;1056
29;29
